<application>
  <component name="MaterialThemeConfig">
    <option name="compactMenus" value="true" />
    <option name="compactStatusBar" value="true" />
    <option name="compactTables" value="true" />
    <option name="contrastMode" value="true" />
    <option name="compactDropdowns" value="true" />
    <option name="isCompactMenus" value="true" />
    <option name="isCompactStatusBar" value="true" />
    <option name="isCompactTables" value="true" />
    <option name="isContrastMode" value="true" />
    <option name="pristineConfig" value="false" />
    <option name="settingsSelectedTab" value="1" />
    <option name="accentColor" value="416a9b" />
    <option name="selectedTheme" value="NATIVE" />
    <option name="userId" value="-68d9dfa4:17f62a60eb2:-8000" />
    <option name="version" value="6.7.2" />
  </component>
</application>